20EEB001,GL9507
20EEB012,GK0995
20EEB033,GH6414
20EEB039,GK5700
20EEB041,GL9715
20EEB060,GK5455
20EEB065,GK5077
20EEB077,GK8062
20EEB080,GM5715
20EEB104,GL9643
20EEB106,GK5489
20EEB113,GK0976
20EEB118,GJ8805
20EEB120,GK4949
20EEB149,GL9740
20EEB169,GJ1806
20EEB175,GM5631
20EEB207,GK4862
20EEB212,GL9702
20EEB215,GL9680
20EEB216,GJ3813
20EEB222,GL9718
20EEB224,GK0783
20EEB227,GL9736
20EEB229,GL9743
20EEB232,GL9681
20EEB233,GJ8535
20EEB242,GJ1991
20EEB250,GK8429
20EEB254,GL9683
20EEB257,GJ4735
20EEB262,GJ2773
20EEB264,GK4477
20EEB266,GJ4848
20EEB303,GK8492
20EEB307,GK5879
20EEB313,GJ9729
20EEB349,GL9693
20EEB350,GL9727
20EEB351,GL9720
20EEB361,GL9704
20EEB367,GK1361
20EEB371,GK1508
20EEB372,GK1500
20EEB373,GK1540
20EEB403,GL9686
20EEB407,GL9716
20EEB409,GK0880
20EEB413,GL9684
20EEB414,GL9679
20EEB417,GL9687
20EEB423,GK2209
20EEB428,GL9673
20EEB434,GJ3389
20EEB435,GL9705
20EEB438,GL9698
20EEB439,GL9717
20EEB444,GL9701
20EEB447,GL9730
20EEB452,GL9738
20EEB470,GK1514
20EEB505,GJ8736
20EEB524,GL9788
20EEB532,GJ9667
20EEB541,GJ9444
20EEB543,GK0853
20EEB550,GL9795